{"_wandb":{"runtime":220},"_runtime":220,"val_loss":0.017346305772662163,"_timestamp":1.7568927839303818e+09,"_step":19,"epoch":20,"train_loss":0.015224035363644361}