{"train_loss":0.024244326166808605,"val_loss":0.011516706086695194,"_timestamp":1.756208855934539e+09,"_step":19,"_wandb":{"runtime":0},"_runtime":0,"epoch":20}