{"epoch":20,"train_loss":0.024835175834596157,"val_loss":0.02335137501358986,"_wandb":{"runtime":278},"_runtime":278,"_timestamp":1.7568899882099586e+09,"_step":19}