{"_timestamp":1.7568953202148867e+09,"_wandb":{"runtime":2},"_runtime":2,"_step":19,"epoch":20,"train_loss":0.012865432538092136,"val_loss":0.014221684075891972}