{"_timestamp":1.7562059712687163e+09,"_wandb":{"runtime":380},"_runtime":380,"_step":8,"epoch":9,"train_loss":0.12211160361766815,"val_loss":0.12550443410873413}