{"_timestamp":1.7568092794991798e+09,"_step":19,"_wandb":{"runtime":40},"_runtime":40,"epoch":20,"train_loss":0.01921091601252556,"val_loss":0.014934178441762924}