{"_step":19,"epoch":20,"train_loss":0.014013538137078285,"val_loss":0.014448888599872589,"_timestamp":1.7568106939188054e+09,"_wandb":{"runtime":2},"_runtime":2}