{"_wandb":{"runtime":2},"_runtime":2,"_step":19,"epoch":20,"train_loss":0.022683875635266304,"val_loss":0.02579328417778015,"_timestamp":1.756916397622474e+09}