{"train_loss":0.020844862796366215,"val_loss":0.020552905276417732,"_timestamp":1.7568962002816956e+09,"_step":9,"_wandb":{"runtime":2},"_runtime":2,"epoch":10}