{"_runtime":0,"val_loss":0.025364411994814873,"_timestamp":1.7562101096131017e+09,"_step":19,"epoch":20,"train_loss":0.03012798074632883,"_wandb":{"runtime":0}}