{"_runtime":2,"_step":19,"epoch":20,"train_loss":0.017077092546969652,"val_loss":0.0229015089571476,"_timestamp":1.7569181994520972e+09,"_wandb":{"runtime":2}}