{"_runtime":0,"epoch":20,"train_loss":0.1310541182756424,"val_loss":0.13308113813400269,"_timestamp":1.7562076457184217e+09,"_step":19,"_wandb":{"runtime":0}}