{"_timestamp":1.7568939857288678e+09,"_step":19,"epoch":20,"train_loss":0.01710707787424326,"_wandb":{"runtime":5},"_runtime":5,"val_loss":0.02107645757496357}